letter;count
A;5.779010633379565e-05
B;7.880531147799361e-05
C;9.820047627230992e-05
D;0.0
E;0.00010271158586688578
F;0.00024338796040889178
G;0.0
H;0.00011420740063956144
I;0.0001772421127259837
J;0.00028252578047746857
K;5.597850425436632e-05
L;6.194635445704021e-05
M;0.0003332323538321721
N;6.91945751453086e-05
O;0.0
P;0.00010050251256281407
Q;0.0
R;0.0
S;3.804668328038503e-05
T;0.0003244821805202531
U;0.0005537098560354374
V;0.0
W;9.324009324009324e-05
X;0.0
Y;0.0
Z;0.0
