letter;count
A;5.779010633379565e-05
B;0.0
C;0.0001227505953403874
D;0.0001678838243935197
E;0.00010271158586688578
F;8.112932013629726e-05
G;0.0
H;0.00011420740063956144
I;0.0003544842254519674
J;0.00014126289023873428
K;0.0005597850425436632
L;0.0
M;0.00024235080278703423
N;0.0001383891502906172
O;0.00012833675564681725
P;6.700167504187605e-05
Q;0.0
R;0.0
S;1.9023341640192516e-05
T;5.4080363420042185e-05
U;0.0
V;0.0
W;9.324009324009324e-05
X;0.0
Y;0.0
Z;0.0
