city;avg_detections
New York;1.1428571428571428
Los Angeles;1.3333333333333333
Detroit;0.7692307692307693
Paris;1.1607142857142858
Berlin;1.0938712179984484
Warsaw;0.9276315789473685
