city;avg_detections
New York;0.007142857142857143
Los Angeles;0.018867924528301886
Detroit;0.0
Paris;0.023979591836734693
Berlin;0.03180760279286268
Warsaw;0.011513157894736841
