city;avg_detections
New York;0.007142857142857143
Los Angeles;0.0
Detroit;0.0
Paris;0.007142857142857143
Berlin;0.007757951900698216
Warsaw;0.009868421052631578
