city;avg_detections
New York;0.0
Los Angeles;0.006289308176100629
Detroit;0.0
Paris;0.004081632653061225
Berlin;0.0023273855702094647
Warsaw;0.001644736842105263
