city;avg_detections
New York;0.030952380952380953
Los Angeles;0.025157232704402517
Detroit;0.019230769230769232
Paris;0.047448979591836735
Berlin;0.047323506594259115
Warsaw;0.03125
