city;avg_detections
New York;0.004761904761904762
Los Angeles;0.050314465408805034
Detroit;0.019230769230769232
Paris;0.009183673469387756
Berlin;0.01474010861132661
Warsaw;0.014802631578947368
