city;avg_detections
New York;0.002380952380952381
Los Angeles;0.006289308176100629
Detroit;0.0
Paris;0.004081632653061225
Berlin;0.0031031807602792862
Warsaw;0.001644736842105263
