city;avg_detections
New York;0.004761904761904762
Los Angeles;0.0
Detroit;0.0
Paris;0.01020408163265306
Berlin;0.012412723041117145
Warsaw;0.013157894736842105
