city;avg_detections
New York;0.0
Los Angeles;0.0
Detroit;0.0
Paris;0.001530612244897959
Berlin;0.0023273855702094647
Warsaw;0.006578947368421052
