city;avg_detections
New York;0.0
Los Angeles;0.006289308176100629
Detroit;0.0
Paris;0.0005102040816326531
Berlin;0.0015515903801396431
Warsaw;0.001644736842105263
