city;avg_detections
New York;0.030952380952380953
Los Angeles;0.018867924528301886
Detroit;0.0
Paris;0.0163265306122449
Berlin;0.01474010861132661
Warsaw;0.07236842105263158
