city;avg_detections
New York;0.009523809523809525
Los Angeles;0.012578616352201259
Detroit;0.019230769230769232
Paris;0.009693877551020408
Berlin;0.004654771140418929
Warsaw;0.003289473684210526
