city;avg_detections
New York;0.016666666666666666
Los Angeles;0.03773584905660377
Detroit;0.0
Paris;0.006122448979591836
Berlin;0.018619084561675717
Warsaw;0.008223684210526315
