city;avg_detections
New York;0.007142857142857143
Los Angeles;0.012578616352201259
Detroit;0.0
Paris;0.004081632653061225
Berlin;0.0007757951900698216
Warsaw;0.003289473684210526
