city;avg_detections
New York;0.0
Los Angeles;0.0
Detroit;0.0
Paris;0.0010204081632653062
Berlin;0.0015515903801396431
Warsaw;0.0
