city;avg_detections
New York;0.004761904761904762
Los Angeles;0.012578616352201259
Detroit;0.0
Paris;0.036224489795918365
Berlin;0.0069821567106283944
Warsaw;0.004934210526315789
