city;avg_detections
New York;0.03333333333333333
Los Angeles;0.0
Detroit;0.0
Paris;0.003061224489795918
Berlin;0.0023273855702094647
Warsaw;0.001644736842105263
