city;avg_detections
New York;0.004761904761904762
Los Angeles;0.012578616352201259
Detroit;0.019230769230769232
Paris;0.001530612244897959
Berlin;0.005430566330488751
Warsaw;0.0
