city;avg_detections
New York;0.009523809523809525
Los Angeles;0.0
Detroit;0.0
Paris;0.002551020408163265
Berlin;0.0
Warsaw;0.001644736842105263
