city;avg_detections
New York;0.05
Los Angeles;0.012578616352201259
Detroit;0.0
Paris;0.01479591836734694
Berlin;0.011636927851047323
Warsaw;0.011513157894736841
