city;avg_detections
New York;0.002380952380952381
Los Angeles;0.0
Detroit;0.0
Paris;0.0005102040816326531
Berlin;0.0
Warsaw;0.001644736842105263
