city;avg_detections
New York;0.002380952380952381
Los Angeles;0.0
Detroit;0.0
Paris;0.0035714285714285713
Berlin;0.0015515903801396431
Warsaw;0.0
