city;avg_detections
New York;0.11428571428571428
Los Angeles;0.03773584905660377
Detroit;0.0
Paris;0.07091836734693878
Berlin;0.07292474786656322
Warsaw;0.02631578947368421
