city;avg_detections
New York;0.04523809523809524
Los Angeles;0.006289308176100629
Detroit;0.0
Paris;0.10102040816326531
Berlin;0.011636927851047323
Warsaw;0.11019736842105263
