city;avg_detections
New York;0.0
Los Angeles;0.0
Detroit;0.0
Paris;0.003061224489795918
Berlin;0.003878975950349108
Warsaw;0.001644736842105263
