city;avg_detections
New York;0.014285714285714285
Los Angeles;0.012578616352201259
Detroit;0.0
Paris;0.006122448979591836
Berlin;0.008533747090768037
Warsaw;0.044407894736842105
