city;avg_detections
New York;0.014285714285714285
Los Angeles;0.006289308176100629
Detroit;0.0
Paris;0.008673469387755102
Berlin;0.011636927851047323
Warsaw;0.001644736842105263
