city;avg_detections
New York;0.002380952380952381
Los Angeles;0.0
Detroit;0.0
Paris;0.001530612244897959
Berlin;0.0007757951900698216
Warsaw;0.003289473684210526
