city;avg_detections
New York;0.011904761904761904
Los Angeles;0.006289308176100629
Detroit;0.0
Paris;0.00510204081632653
Berlin;0.003878975950349108
Warsaw;0.003289473684210526
