city;avg_detections
New York;0.02142857142857143
Los Angeles;0.0
Detroit;0.0
Paris;0.002551020408163265
Berlin;0.0023273855702094647
Warsaw;0.0
