city;avg_detections
New York;0.002380952380952381
Los Angeles;0.0
Detroit;0.0
Paris;0.0010204081632653062
Berlin;0.0031031807602792862
Warsaw;0.0
