city;avg_detections
New York;0.030952380952380953
Los Angeles;0.050314465408805034
Detroit;0.0
Paris;0.017857142857142856
Berlin;0.02017067494181536
Warsaw;0.029605263157894735
