city;avg_detections
New York;0.002380952380952381
Los Angeles;0.0
Detroit;0.0
Paris;0.004081632653061225
Berlin;0.004654771140418929
Warsaw;0.003289473684210526
