city;avg_detections
New York;0.1
Los Angeles;0.025157232704402517
Detroit;0.057692307692307696
Paris;0.12806122448979593
Berlin;0.06516679596586501
Warsaw;0.07401315789473684
