city;avg_detections
New York;0.004761904761904762
Los Angeles;0.0
Detroit;0.0
Paris;0.012244897959183673
Berlin;0.011636927851047323
Warsaw;0.01644736842105263
