city;avg_detections
New York;0.004761904761904762
Los Angeles;0.0
Detroit;0.0
Paris;0.0010204081632653062
Berlin;0.005430566330488751
Warsaw;0.001644736842105263
