city;avg_detections
New York;0.02619047619047619
Los Angeles;0.025157232704402517
Detroit;0.07692307692307693
Paris;0.007653061224489796
Berlin;0.01008533747090768
Warsaw;0.003289473684210526
