city;avg_detections
New York;0.10476190476190476
Los Angeles;0.14465408805031446
Detroit;0.19230769230769232
Paris;0.025
Berlin;0.03646237393328161
Warsaw;0.03125
