city;avg_detections
New York;0.5785714285714286
Los Angeles;0.6163522012578616
Detroit;0.5769230769230769
Paris;0.4770408163265306
Berlin;0.5570209464701319
Warsaw;0.6661184210526315
